Yuma,Chaters,Male
Brittni,David,Female
Jerome,Cale,Male
Smith,Dockerty,Male
Isabeau,Neller,Female
Yanaton,Wedderburn,Male
Randi,Clapton,Male
Leicester,Webborn,Male
Lucho,Giorgeschi,Male
Elayne,Hawke,Female
Orsa,Crenage,Female
Lucio,Oswick,Male
Orland,Crunkhurn,Male
Eula,Regler,Female
Sallee,Cristofaro,Female
Samaria,Levesque,Polygender
Toni,Exposito,Female
Aleta,Toward,Female
Ashlin,Soppett,Male
Cissiee,Mochan,Female
Elwin,Whitney,Male
Thaddus,Woolager,Male
Tucker,Chettle,Male
Maitilde,Dawidowitsch,Genderfluid
Padriac,Cradock,Male
Willamina,Burdass,Female
Philomena,Wharin,Female
Karalynn,Kettlestring,Female
Cristie,Lowndsbrough,Genderfluid
Royce,Yurkov,Male
Clark,Sayse,Male
Fulton,Croyden,Genderfluid
Vinnie,Ullyott,Male
Hilary,Sima,Male
Dickie,Cottom,Male
Davy,Delacroix,Male
Marsh,Brunesco,Male
Sabra,Chisnell,Polygender
Cindi,Burleton,Female
Kenyon,Ranklin,Male
Reinold,Greenhalf,Male
Sherlocke,Jime,Male
Garrek,Late,Male
Honoria,Cleland,Female
Patrica,Poveleye,Bigender
Estella,Roscow,Female
Emanuel,Mattes,Male
Josy,Conelly,Female
Ardyth,Somerled,Female
Guthrey,Congrave,Male
Tony,Stoggell,Female
Danika,Gerg,Female
Carmine,Fannin,Male
Torr,Sodo,Male
Antone,Jaslem,Polygender
Jeramey,Creigan,Male
Jennine,Eagers,Female
Pet,McQuilty,Female
Kati,MacFie,Female
Bess,Louiset,Female
Micaela,Cowhig,Female
Mathian,Whissell,Male
Rab,Mallock,Male
Tania,Klimentov,Female
Cyrille,Dowse,Male
Beilul,Matthewes,Female
Ruddy,Georgeau,Male
Charline,Manie,Female
Lanny,Shinton,Female
Dannel,Jordin,Non-binary
Osbourn,Giorgiutti,Male
Kelila,Wildt,Female
Chickie,Spenton,Polygender
Christabel,Sealand,Female
Frederica,Muldowney,Female
Archibald,Quinane,Male
Ora,Ingles,Female
Thornie,Mabone,Polygender
Rich,Simison,Male
Den,Courtes,Polygender
Bobine,Chitham,Female
Sheelagh,Pear,Female
Roanna,Tanslie,Agender
Corbie,Tiltman,Male
Ancell,Wordesworth,Male
Sim,Ceaser,Bigender
Marleah,Ville,Female
Norbert,Beagen,Male
Leelah,Turvey,Female
Porty,O'Fihillie,Male
Barrie,Bown,Male
Evangelin,Lenton,Female
Danyelle,Sheppey,Female
Armin,Beton,Male
Petronille,Woolston,Female
Prissie,Winfindine,Female
Cami,Anscombe,Female
Agustin,Castard,Male
Kiele,Smoughton,Female
Archer,Necrews,Male
Storm,Prugel,Female
Ellynn,Bachanski,Female
Emmalynn,Skalls,Female
Budd,Hollows,Male
Linea,D'Antoni,Female
Edie,Rudall,Female
Yard,Fumagalli,Male
Fax,Austins,Male
Hana,Mulryan,Female
Matthus,Mell,Male
Craig,Giacopelo,Male
Rudyard,Simner,Male
Carri,Powlesland,Female
Gavin,Crowley,Male
Coleen,Mickleborough,Female
Therese,Derham,Female
Lucille,Gaul,Female
Carmen,Kempstone,Female
Rinaldo,Haward,Male
Marcos,Rickasse,Male
Steward,Whitehorne,Male
Jammal,Cutmore,Male
Pauline,Rosencwaig,Female
Rochell,Bowart,Female
Candide,Pigram,Female
Rodrique,Stace,Male
Abagael,Roussel,Non-binary
Mauricio,Yarr,Male
Garwood,Giacomello,Male
Percival,Lettice,Male
Matty,Willshaw,Male
Consuela,Regorz,Female
Jefferson,Tapenden,Bigender
Samuele,Claibourn,Bigender
Adelle,Lagen,Female
Drusilla,Jarrad,Female
Tarrance,Huggill,Male
Kristo,Cicco,Male
Staci,Alcalde,Female
Thurston,Espadas,Male
Gerry,Coultass,Male
Nanette,aManger,Female
Janelle,Sambrok,Female
Agata,Precious,Genderfluid
Evangelin,Aidler,Female
Lamond,Moscrop,Male
Remington,Gristhwaite,Male
Decca,Hilldrup,Male
Wally,Croneen,Male
Korey,Sillwood,Male
Lorine,Berthod,Female
Dean,Dyson,Male
Jon,Swepson,Bigender
Udall,Freiberg,Male
Alta,Bartalini,Female
Perry,Pechet,Female
Rogerio,Grindell,Male
Mayer,Dibson,Male
Letty,Meanwell,Female
Zorah,Shevelin,Female
Charil,Kopf,Female
Brit,Sickamore,Female
Lynnelle,Fellgate,Female
Daniel,Varga,Male
Floris,Wind,Female
Fairlie,Sapp,Male
Kippie,Snowling,Male
Cheston,Mabon,Male
Killy,Le Houx,Male
Robinett,Deaton,Female
Andromache,Habert,Female
Cort,Bruggen,Male
Rodrick,Pietroni,Male
Freida,Vasyutin,Female
Agnola,Beeson,Female
Katine,Liddard,Female
Demetre,Leile,Male
Claretta,Hastilow,Female
Renie,Maleham,Female
Elspeth,Calafate,Female
Jodee,Seamark,Female
Gretal,Cheer,Female
Garreth,O'Cannavan,Male
Reinhard,Larroway,Male
Woodrow,Tregea,Male
Morgun,Leamy,Male
Vida,Marusic,Female
Jareb,Zavittieri,Male
Sally,Pettiford,Female
Leif,Darwin,Male
Juana,Shewon,Female
Sianna,Selwin,Genderfluid
Stanton,Goldsmith,Male
Dinah,Jeannet,Female
Marlene,Malatalant,Female
Ruy,Okell,Male
Corrianne,Bannerman,Female
Kikelia,Willmot,Female
Cherrita,Gillet,Female
Rhianna,Baus,Female
Cristina,Cathery,Female
Fran,Rolfs,Male
Cassi,Carpe,Female
Laureen,Aspin,Non-binary
Deerdre,Jerke,Female
Osborne,Nern,Male
Elton,Parton,Male
Morse,Imison,Male
Libbey,Henriquet,Female
Quintin,Sloan,Male
Connie,Mival,Male
Lorenzo,Clutten,Polygender
Darla,Whimp,Female
Sheelagh,Sharp,Female
Corbin,McCart,Male
Cathee,Bushell,Female
Ernst,Frugier,Male
Guido,Bowater,Male
Devlin,Reidie,Male
Westley,Nodin,Male
Franzen,Barks,Male
Leicester,Lothean,Male
Bail,Billie,Male
Flori,Kiljan,Female
Yolanda,Silliman,Female
Mikkel,Gommey,Male
Smitty,Swettenham,Male
Marisa,Mourbey,Female
Edan,Noriega,Male
Monica,Joincey,Female
Ardyth,Drawmer,Agender
Trent,Shilton,Male
Denni,Corriea,Female
Zebedee,Seely,Male
Reggie,L' Anglois,Female
Wolfie,Eckery,Male
Terri,Bentley,Female
Den,Minchindon,Male
Luci,Barby,Agender
Melodee,Scroyton,Female
Cesar,Oades,Male
Sadie,Josskowitz,Female
Oralle,Lago,Female
Tuck,Paoletto,Male
Booth,Imlock,Male
Nap,Arend,Male
Putnem,King,Male
Angela,Wedon,Female
Evita,Beardsley,Agender
Keslie,Rumbelow,Female
Denver,Dimont,Male
Clarie,Byass,Female
Chancey,Nowell,Genderfluid
Hurlee,Nutbean,Male
Lodovico,Surgey,Male
Betteanne,Drescher,Female
Ephrem,McGiff,Male
Alexina,Sackey,Female
Tiphany,Cookes,Female
Skip,Maddyson,Male
Woodie,Keijser,Male
Juliann,Brettel,Female
Tyrone,Beneteau,Male
Dora,Gosford,Genderqueer
Adelheid,Pinnion,Female
Marchall,Shuttell,Male
Vic,Tubbs,Male
Malinda,Andress,Polygender
Bria,Luff,Female
Reinaldos,Murphy,Male
Emmalyn,Rhule,Female
Vincenty,Castellan,Male
Michale,Colebeck,Male
Erroll,Hillin,Male
Julianna,Minshall,Female
Jonas,Cantua,Male
Hadria,Blackden,Female
Gabriele,McCloy,Male
Dillie,Coady,Male
Des,Rathbourne,Male
Mommy,Lorincz,Female
Ardelis,Morch,Female
Bette-ann,Spyby,Female
Ugo,Broddle,Male
Terri-jo,Rozenzweig,Female
Kiley,Lowers,Female
Freddy,Ambrozewicz,Male
Valli,Stovin,Female
Karlan,Bunnell,Male
Had,Kenwrick,Male
Romain,Crathern,Male
Sherwood,Franzettoini,Polygender
Tulley,Bingell,Male
Osbert,Jouen,Male
Theobald,Gorusso,Male
Marlin,Tippings,Male
Annabelle,Twopenny,Female
Ruth,Greenland,Female
Franky,Ambler,Female
Evania,Verdun,Female
Rafaello,Deavin,Male
Reena,Lawles,Female
Devlin,Rorke,Male
Gare,Gouley,Male
Jenna,Widger,Polygender
Darci,Roseblade,Female
Jaye,Guerry,Male
Laughton,Lawty,Male
Arlin,Ruhben,Male
Osborn,Atteridge,Male
Christoffer,Sandon,Male
Gary,McConachie,Male
Dionysus,Aldin,Male
Jodee,Dougary,Female
Holden,Loader,Male
Pru,MacKeller,Female
Salvador,Gianolo,Male
Guthrey,Skrines,Male
Wenda,Chessun,Female
Dorree,Threadgill,Female
Dorita,Johnigan,Female
Sibylla,Ruos,Female
Emanuel,Manzell,Polygender
Antoine,Lazell,Male
Ivor,MacGarrity,Male
Sansone,Clendening,Male
Maury,Fold,Male
Matthew,Puxley,Male
Dniren,Cosham,Female
Michaelina,MacAndie,Female
Thornie,Wicken,Male
Dina,Haxell,Female
Laurena,Dibling,Female
Sylvia,Casolla,Female
Marla,Willas,Female
Brennen,Cromie,Male
Bendite,Grenter,Non-binary
Irv,Laffin,Male
Gilemette,Brisbane,Female
Tam,Pawlowicz,Male
Arron,Cust,Male
Elliott,Tinton,Male
Iona,Cuchey,Female
Garth,Skey,Male
Minerva,Kegley,Agender
Bertha,Worsfold,Female
Rae,Marchi,Female
Paquito,Rusling,Male
Gerald,Blues,Male
Hewie,Riddle,Male
Wallace,Groarty,Male
Avrom,Mooney,Male
Salim,Derl,Male
Zandra,Triplett,Female
Kevan,Mouncher,Male
Cristina,Stygall,Female
Garner,Tomovic,Male
Ashlan,Puffett,Female
Munmro,Browne,Male
Charyl,Canlin,Female
Gray,Collelton,Female
Hillary,Toffolini,Female
Lucais,Lampard,Male
Etienne,Pezey,Male
Philbert,Andreoletti,Male
Wilona,Binstead,Female
Collette,Rijkeseis,Female
Vannie,Bockmaster,Non-binary
Teddie,Kleinstein,Female
Garrott,Braddon,Male
Liz,Semeniuk,Female
Della,Scadding,Female
Chrissy,Gumey,Female
Baudoin,Yearne,Male
Sid,Burtt,Male
Kial,Faragan,Female
Leanora,Lukianovich,Female
Shurlocke,Gauntley,Male
Lolita,MacKegg,Female
Mead,Hucks,Female
Judas,Tomkowicz,Male
Cosme,Knappen,Male
Nicky,Leyninye,Male
Berkley,Immins,Male
Kellyann,Liddicoat,Female
Hewie,Weymont,Male
Lettie,Weatherby,Female
Cherin,O'Connolly,Female
Godwin,Tutchings,Male
Yevette,Crone,Female
Pattie,Lebreton,Female
Lothario,Tofts,Male
Thurston,Crumbie,Male
Leif,Brick,Male
Alexi,Gueste,Female
Murry,Blease,Male
Mitchell,Rappaport,Male
Winslow,Bannard,Male
Giordano,Jakubiak,Male
Tripp,Crickmore,Male
Lacey,Matterface,Female
Bathsheba,Rape,Female
Wallache,Swales,Genderqueer
Wakefield,Ketteridge,Non-binary
Tanitansy,Suggate,Polygender
Christa,Ghidelli,Female
Pen,Tomsa,Male
Derk,Palphramand,Male
Nikki,Sheal,Male
Domenico,Sallenger,Male
Will,Bartleet,Male
Regen,Thickpenny,Male
Esdras,Treweke,Male
Laird,Barczewski,Male
Ardelis,Vern,Female
Wolfie,Cordet,Male
Averil,Forsdike,Female
Kennedy,Gildea,Male
Ephrayim,Hayland,Male
Wilhelmina,Hellsdon,Female
Miguel,Sherar,Male
Gustavo,Gudge,Male
Boote,Decent,Genderfluid
Celia,Gwinnell,Non-binary
Doris,Levington,Female
Mara,Pichmann,Female
Alice,Trinkwon,Female
Brendon,Durward,Male
Dmitri,Haill,Male
Stephenie,Muckle,Female
Granthem,Dahill,Bigender
Isa,Gribben,Male
Binny,Wildor,Female
Willette,Laister,Female
Phyllys,Deniskevich,Female
Alic,Beuscher,Male
Phil,Lukianovich,Male
Lalo,MacArdle,Male
Celestina,Eastope,Female
Jacklin,Kneeshaw,Female
Inness,Poppy,Non-binary
Killian,Baseley,Male
Griffin,Witcomb,Male
Tammie,Goodyear,Female
Mickey,Raywood,Male
Skippy,Bream,Male
Valida,Olenichev,Female
Ketty,Rennick,Female
Bradney,Poulney,Male
Gunther,Chasteau,Male
Drusy,Jurries,Female
Benn,Windows,Male
Hailee,Ronchetti,Female
Brose,Corck,Male
Derrick,MacKellen,Genderqueer
Chaim,Fotitt,Male
Saunderson,Yankin,Male
Bernetta,Cauley,Genderfluid
Brigitte,Broschke,Female
Abbott,Anthoin,Male
Angel,Matteoni,Female
Tait,Baulch,Male
Gipsy,Sprowle,Female
Ichabod,De Bruijn,Male
Ezequiel,Wardesworth,Male
Laney,Stackbridge,Male
Sibylle,Farady,Female
Misti,Gronous,Female
Lanny,McFater,Male
Zarah,Parks,Female
Tirrell,Jenicek,Male
Guglielmo,Cutriss,Male
Rachel,Buesnel,Female
Yves,Pilmer,Male
Harmon,Gregolotti,Male
Rozella,Muldownie,Female
Babs,Stores,Polygender
Shaine,Titterell,Male
Granthem,Blunsden,Male
Lowell,Huegett,Male
Griff,Creavin,Male
Georgie,Bissill,Female
Ilyse,Penhaligon,Agender
Kit,Antony,Male
Jud,Igoe,Male
Justin,Scopyn,Male
Fransisco,Phoenix,Bigender
Moss,Dilkes,Male
Gilda,House,Female
Rochette,Marginson,Female
Michel,Sawkins,Female
Luigi,Bollen,Male
Euphemia,Rae,Female
Obadias,Napoleon,Male
Yoko,Robken,Female
Torry,Ofener,Male
Valentino,Meakin,Male
Kimberlyn,Donnersberg,Female
Lorie,Roscow,Genderfluid
Currey,Thurston,Male
Foss,March,Male
Barbaraanne,Snalom,Female
Sibilla,Sudran,Female
Nicolas,Hallworth,Male
Jacquie,Bakes,Female
Noemi,Blunsom,Female
Correna,Beadnell,Female
Richardo,Harefoot,Male
Patty,Kempton,Female
Eunice,Wildber,Female
Margi,Pionter,Female
Waverly,Dargavel,Male
Egbert,Heasman,Male
Alisander,Elston,Male
Brian,Mityushin,Male
Jennine,Crocombe,Female
Malena,McCartan,Female
Josi,Kliement,Female
Johnette,Chsteney,Female
Missie,Gero,Female
Lindsey,Calcott,Male
Cherey,Bohl,Female
Prince,Keyzman,Male
Adrianna,Morston,Female
Parry,Bonney,Male
Zena,Shawyers,Female
Jennette,Lynett,Female
Leona,Barnewille,Female
Godwin,Chretien,Male
Celina,Kemmey,Female
Thomasin,Cornock,Female
Janet,Witcherley,Female
Pansie,Kalinsky,Female
Carl,Laurens,Male
Hugues,Viccary,Male
Adria,Schutt,Female
Nona,Spellman,Female
Veronike,Highwood,Female
Hayley,Gavigan,Female
Nata,Riccardo,Female
Cahra,Hails,Female
Georgeanna,Bowness,Female
Paquito,Schaffler,Male
Justino,Eberst,Male
Vassili,Hazelby,Male
Urban,Thorsby,Male
Storm,Kemmett,Female
Chane,Monteaux,Male
Ardelia,Willoughey,Female
Hurley,Semor,Male
Zorine,Justis,Female
Chaddy,Tarbet,Male
Clem,Olyff,Female
Richie,Maletratt,Male
Gav,Devey,Male
Anstice,Honacker,Female
Valina,Mottram,Female
Shara,Caustick,Female
Sauveur,Dutnall,Male
Gaylene,McNeely,Female
Melisent,Stirley,Female
Adina,Martinelli,Female
Brigg,Rymill,Male
Royall,Evill,Male
Parker,Dixie,Male
Dieter,Kleine,Male
Carmelia,Lovel,Female
Fabien,Measor,Male
Nathalie,Roumier,Genderqueer
Ahmed,Gavrielly,Male
Woodman,Realff,Male
Henriette,Castanyer,Female
Meade,Drewery,Female
Chane,Boutton,Male
Uriah,Ibbs,Male
Kleon,Lainton,Male
Cory,Waleran,Genderfluid
Winslow,Heymes,Male
Korrie,McCrainor,Female
Rees,Becke,Male
Nathan,McKeeman,Male
Joline,Gostling,Female
Thorsten,Connue,Male
Christel,Radolf,Female
Alexia,Claussen,Female
Jarid,Lurriman,Male
Twila,Matthiesen,Polygender
Jarred,Clardge,Male
Sansone,Markwell,Male
Marlie,Klaiser,Genderqueer
Maybelle,Wimbridge,Female
Frankie,Mattock,Female
Jemimah,Orpin,Female
Raymund,Wrightham,Male
Sonja,Jewitt,Female
Ken,Keslake,Male
Scott,Watsham,Male
Sanders,Bienvenu,Male
Ezechiel,Stennet,Male
Dore,Loosemore,Male
Julienne,Parkman,Female
Cicely,Booi,Female
Libbey,Wisam,Female
Melania,Ferreri,Female
Deeanne,Cornill,Female
Billie,Aguirrezabal,Male
Rosalyn,Curd,Female
Domingo,Stirley,Male
Dukey,Logsdail,Male
Jarrad,Kairns,Male
Jacenta,Greenly,Genderfluid
Marleah,Keat,Female
Benni,McTerrelly,Female
Cecily,Scarlin,Female
Sada,Larraway,Female
Cass,Olorenshaw,Female
Marguerite,Dungay,Female
Loutitia,Jozaitis,Non-binary
Leyla,Mussettini,Female
Dorris,Delap,Female
Demott,McNaught,Male
Daryl,Lammert,Male
Rand,Mertin,Male
Obediah,Rickeard,Male
Michail,Glanester,Male
Efrem,Tonge,Male
Kelsi,Gong,Female
Regen,Lyford,Male
Harman,Fonquernie,Male
Mandi,Ingray,Female
Obadias,Andersch,Male
Mead,Ambrosoni,Female
Devonna,Wingfield,Female
Danice,Lodevick,Female
Serge,Sandcroft,Male
Liane,Burtwell,Female
Pail,Statter,Male
Torrey,Winsome,Genderqueer
Drud,Aingel,Male
Sibelle,Praill,Female
Alys,Castiglio,Female
Sunny,Giottini,Agender
Heidi,Trevaskus,Female
Ozzy,Ginner,Male
Tabbie,Hasely,Female
Brianne,Attoe,Female
Kara-lynn,Marwick,Female
Dionne,Konertz,Female
Leta,Kemish,Genderqueer
Gibbie,Baldocci,Male
Quintana,Mack,Female
Dennison,Flanaghan,Male
Rolph,Couling,Male
Aeriela,Stepney,Female
Muriel,Waddam,Female
Jacintha,Spring,Female
Suzie,Miner,Female
Alejandrina,Farherty,Female
Leelah,Canniffe,Female
Esra,Preece,Male
Missie,Vondrys,Female
Kori,Hasty,Female
Mendie,Degoix,Male
Derick,King,Male
Clemmie,Harraway,Male
Amy,Karus,Female
Renate,Lamzed,Female
Boyd,Janak,Male
Aldrich,Lain,Male
Marchelle,Papierz,Female
Reeta,Keilloh,Female
Cazzie,Antrag,Male
Adara,Deeney,Female
Nola,Scotchmer,Female
Baryram,St Louis,Male
Selena,Stogill,Female
Carri,Sapwell,Female
Godwin,Spurriar,Male
Kerwinn,Disman,Male
Arlina,Wallis,Female
Gael,Braysher,Male
Ashley,Sheraton,Female
Osgood,Oliva,Non-binary
Auria,Storrier,Female
Marita,Loveitt,Female
Tricia,Nucator,Female
Linus,Yakovlev,Male
Jimmy,Mayston,Genderqueer
Elga,Nottingham,Polygender
David,De Mitris,Male
Dena,Beckinsall,Genderfluid
Gusta,Joubert,Female
Manda,Lghan,Female
Lethia,Writer,Female
Gaby,Atteridge,Genderqueer
Paxon,Calley,Male
Carolyn,Cammis,Female
Cob,Giamuzzo,Male
Selina,Middlemist,Female
Jacenta,Chamberlin,Female
Isidore,Perring,Male
Roberto,Hlavecek,Male
Ravid,Oles,Male
Georgiana,Bartczak,Female
Denna,Causey,Female
Elena,O'Hegertie,Female
Raff,Espinoza,Male
Esra,Gearing,Male
Aldous,Landrick,Male
Maurizio,O'Flannery,Male
Ashia,Jedraszek,Female
Sibyl,Barkess,Male
Bev,Densell,Female
Ker,Goby,Male
Pearline,Wyer,Female
Milicent,Gumly,Female
Nicol,Drinkhill,Male
Benjie,Bour,Male
Lloyd,Vallantine,Male
Jolie,Lucks,Female
Sauveur,Bartosik,Male
Sherwood,Kehir,Male
Farr,Gregoraci,Male
Jae,Miettinen,Male
Kit,Readhead,Female
Jordanna,Loughren,Female
Trula,Szymczyk,Female
Wendel,Travers,Male
Ethelin,Petroselli,Female
Massimo,Berrigan,Male
Bobbie,McGuckin,Male
Reinaldo,Dionisi,Male
Gideon,Matovic,Genderfluid
Jephthah,Monier,Male
Gris,Spiers,Non-binary
Celestyna,Reddell,Polygender
Ransom,Medcalfe,Male
Kingsley,Wimmer,Male
Jo ann,Pinchon,Female
Morry,Raeburn,Genderqueer
Jonah,Sloan,Male
Rutherford,William,Male
Yancey,Kiebes,Male
Claudina,Hinksen,Female
Aldridge,Janicijevic,Male
Jenine,Whiteside,Female
Pablo,Dehn,Male
Pavel,Stubbin,Male
Austen,Lawrance,Male
Codee,Likly,Female
Lew,Duffyn,Male
Mart,O'Dwyer,Male
Paton,Dulake,Polygender
Zabrina,Benediktovich,Female
Tabor,Paolillo,Male
Adam,Breawood,Male
Bastian,Giocannoni,Male
Thorny,Jardein,Male
Nickolas,Zienkiewicz,Male
Brooks,Starr,Female
Tonya,Coultass,Female
Heda,Menchenton,Female
Flossie,Vallack,Female
Alvinia,Andrzejowski,Female
Bernadette,Varran,Female
Yankee,Tebbut,Male
Glynn,Caulcott,Male
Nanon,Schober,Female
Joanna,Stubbings,Female
Catherin,Shevels,Bigender
Roxie,Enriques,Female
Dunstan,Kassel,Male
Smitty,Gerard,Male
Creight,Stobbie,Male
Rafaello,Fosher,Male
Nestor,Everall,Male
Kalindi,Lere,Female
Thia,Moorcroft,Female
Jerry,Janeway,Male
Charlot,Mettrick,Female
Gary,Whitnall,Male
Vita,Jina,Female
Shaina,O'Lennane,Female
Mill,Dericut,Male
Trueman,Titchen,Male
Vivyan,Merrikin,Female
Geraldine,Wildman,Female
Cordula,Labin,Female
Carlee,Ciccottio,Female
Row,Jahan,Female
Davide,Schwandermann,Male
Linn,Flack,Male
Cristie,Harradine,Bigender
Kassi,Father,Female
Poppy,Kornacki,Female
Frances,Pitt,Female
Danella,Rugg,Female
Carita,Cowern,Female
Carina,Cammell,Female
Alberto,Grinyakin,Male
Orrin,Weald,Male
Lief,Bridgland,Male
Tabor,Bransdon,Male
Demetrius,Clear,Male
Ibby,Deakes,Female
Artemis,Brownlow,Male
Brinn,Nazareth,Female
Cornelius,Piell,Male
Risa,Reeme,Female
Olly,Boldt,Genderqueer
Vina,Titheridge,Female
Marcille,Ruoss,Female
Rosana,Bindley,Female
Maybelle,McIlwrick,Bigender
Kelby,Rudsdell,Male
Papagena,Spikeings,Female
Florri,Rosentholer,Female
Margit,Badcock,Female
Dulce,Prest,Female
Skye,Asquez,Male
Korie,Creese,Female
Angelina,Pitblado,Female
Zechariah,Polamontayne,Male
Isac,Gunda,Male
Broddy,Kilius,Male
Dare,Clewley,Male
Binnie,Clissold,Female
Angelo,Schustl,Male
Angie,Januszkiewicz,Male
Lothario,Lemery,Male
Felicio,Joysey,Male
Lemuel,Penwright,Agender
Callie,Strudwick,Female
Korney,Robker,Female
Emmy,Bromby,Male
Carrie,Veltman,Female
Angelika,Lages,Female
Alfred,Autry,Male
Opal,Balma,Female
Morten,Rosenbarg,Male
Clerc,Bothe,Male
Barbabra,Jobbins,Female
Ibbie,Guion,Female
Audra,Abden,Female
Emery,Rawsthorne,Male
Mord,Gawthrope,Male
Lew,Haggeth,Male
Horst,Peeke,Male
Devondra,FitzGibbon,Female
Rad,MacGhee,Male
Bary,De Michetti,Male
Kaitlin,Speake,Female
Gage,Peabody,Male
Annmaria,Cockshot,Genderfluid
Germayne,Bestwall,Male
Baillie,Vondra,Genderqueer
Randolph,Hammerberger,Male
Quinn,Bawle,Female
Bobbie,Gissing,Male
Sibylla,Kyrkeman,Female
Gale,Gilcriest,Female
Desmund,Oki,Male
Jobie,Owenson,Female
Salim,Batchelder,Male
Marven,Golightly,Male
Gratia,Barrass,Female
Andris,Coonihan,Male
Raimondo,Greggor,Male
Angelo,Railton,Male
Allister,MacFaell,Male
Abelard,Chazelas,Agender
Huntington,Rowthorne,Polygender
Glenden,Metson,Male
Sandro,Puckey,Genderqueer
Kyrstin,Nouch,Female
Brnaba,Osgerby,Male
Hinda,Revett,Female
Fanya,Soaper,Female
Delcina,Leamy,Female
Haslett,Wellard,Male
Ruthe,Pashby,Female
Aubrey,Dinse,Female
Silvain,Cuttles,Male
Penny,Rozet,Bigender
Teodoro,Tonna,Male
Galen,Ranger,Male
Antonella,Hakeworth,Female
Burgess,Chipps,Male
Hendrick,Chidwick,Non-binary
Gris,Widmore,Male
Teddie,McQuaker,Female
Benito,Basile,Male
Willow,Mapp,Female
Hewitt,Canfer,Male
Adolpho,Davydenko,Male
Evita,Fencott,Female
Editha,Hearl,Female
Enoch,O'Donohue,Male
Yuma,Bartos,Male
Hayward,Boissier,Male
Ransell,Siaskowski,Male
Elisabetta,Hartropp,Female
Oona,Learmonth,Agender
Lindie,Stonhouse,Female
Cyrus,Butts,Male
Josiah,Learman,Male
Sharity,Woolmer,Female
Diego,Phippin,Male
Raine,Faley,Female
Marshal,Abbie,Male
Marjie,Risbridge,Female
Tatum,Copcott,Female
Evangelia,Collyear,Female
Carlyn,Nicholson,Female
Borden,Delamere,Genderfluid
Maximilian,Berkeley,Male
Yancey,Doul,Male
Ciel,Cudmore,Female
Shurwood,Durnall,Male
Jean,Linturn,Male
Christos,Hugueville,Male
Berenice,Gooddy,Female
Leopold,O'Driscoll,Male
Gussie,Langstone,Female
Sydelle,Sabathier,Female
Erena,Gwalter,Female
Gerianna,Wordley,Female
Ailbert,Melmore,Male
Colin,Andryunin,Male
Dewey,Pearce,Male
Deni,Grayne,Female
Tracey,Seabridge,Female
Janet,Beevor,Female
Tally,Beardshall,Female
Edna,Bockin,Female
Alaster,Emmitt,Male
Saw,Burleigh,Male
Barnaby,Davydenko,Male
Starr,Domingues,Female
Tadd,Vlahos,Male
Dinnie,Gary,Female
Fanny,Jankiewicz,Female
Morey,Mattioli,Male
Willem,Smerdon,Male
Mort,Raiker,Male
Barn,Bremmell,Male
Erin,Gauford,Male
Dreddy,Godbold,Female
Harbert,Soars,Male
Anny,Mertel,Genderqueer
Ellswerth,Bengough,Male
Nels,Pringuer,Male
Mandy,Bage,Female
Mata,Deadman,Male
Erik,Giacobbo,Male
Horst,Sines,Male
Dunn,McCallister,Male
Rodge,Batchelor,Male
Bruno,Ibert,Male
Thorin,Beecheno,Male
Wendel,McMenamin,Male
Claudette,Saleway,Female
Dorine,Linwood,Female
Marna,Brecknell,Non-binary
Keven,Dudenie,Male
Nancy,Camble,Female
Hewie,Benthall,Male
Lorelei,Blazic,Female
Jerrilee,Mcsarry,Female
Debby,Castellaccio,Female
Idalina,Badsey,Female
Alexine,Jahner,Female
Gustavus,Bellringer,Male
Isobel,Lansberry,Female
Curt,MacCheyne,Male
Noe,Keymar,Male
Theodor,Iacovides,Male
Danya,Verden,Bigender
Joella,Paffitt,Female
Oriana,Finlow,Female
Essa,Densey,Female
Franzen,Headington,Male
Zoe,Croxton,Female
Shayne,O' Liddy,Female
Debby,De Nisco,Female
Yves,Traise,Male
Stace,Chalice,Female
Tybalt,Abramchik,Male
Cindra,Jadczak,Female
Gert,Stedell,Female
Vince,Winn,Male
Willdon,De Carteret,Male
Jean,Leport,Female
Scot,Pantling,Male
Esme,Gibard,Male
Skyler,Strickler,Polygender
Vanni,Roman,Bigender
Robina,Preshous,Female
Cinnamon,Stock,Female
Henriette,Kolakowski,Female
